Name,Price
Viscose shirt dress,19.99
Oversized tie-detail dress,18.99
Viscose shirt dress,19.991599
Tie-belt shirt dress,21.99
Tie-detail dress,21.99
Viscose tunic dress,18.99
Pin-tuck maxi dress,74.99
Viscose shirt dress,19.99
Waisted shirt dress,54.99
Tie-belt shirt dress,21.99
Cotton dress,27.99
Linen-blend puff-sleeved dress,29.99
Linen-blend midi dress,27.99
Broderie anglaise tunic dress,27.99
Linen-blend off-the-shoulder dress,44.99
Button-front dress,32.99
Waisted shirt dress,54.99
Pin-tuck ramie dress,44.99
Viscose shirt dress,19.99
Beach kaftan,12.99
Drawstring-waist dress,27.99
Utility dress,37.99
Viscose tunic dress,18.99
Oversized T-shirt dress,12.99
Linen-blend smocked-waist dress,29.99
Broderie anglaise tunic dress,27.99
Button-front cotton dress,21.99
Viscose tunic dress,18.99
Crinkled jersey dress,15.99
Button-front cotton dress,21.99
Cotton dress,27.99
Tie-belt denim dress,37.99
Frilled-collar dress,27.99
Linen-blend midi dress,27.99
Open-back rib-knit dress,74.99
Tie-detail beach dress,32.99
Tie-belt crêpe dress,32.99
Tie-detail beach dress,27.99
Tiered-skirt smocked dress,15.99
Ribbed bodycon dress,15.99
Open-back rib-knit dress,74.99
Viscose tunic dress,18.99
Linen-blend dress,54.99
Puff-sleeved midi dress,19.99
Linen shirt dress,44.99
Tie-belt shirt dress,19.99
Shoulder-pad dress,27.99
Jersey bodycon dress,14.99
Tapered-waist dress,27.99
Jersey bodycon dress,14.99
Oversized T-shirt dress,12.99
Ribbed maxi dress,12.99
Ribbed maxi dress,12.99
Ribbed maxi dress,12.99
Oversized shirt dress,18.99
Oversized shirt dress,18.99
Open-back dress,54.99
Mesh-detail bodycon dress,24.99
Broderie anglaise shirt dress,54.99
Oversized shirt dress,18.99
Tie-strap dress,37.99
Tie-belt textured jersey dress,21.99
Ribbed bodycon dress,9.99
Ribbed bodycon dress,15.99
Oversized T-shirt dress,12.99
Linen-blend shirt dress,32.99
Linen-blend shirt dress,32.99
Cap-sleeved jersey dress,12.99
Tie-belt textured jersey dress,21.99
Ribbed bodycon dress,12.99
Ribbed bodycon dress,15.99
Corset-style jersey mini dress,19.99
A-line dress,37.99
Gathered midi dress,18.99
Drawstring-detail T-shirt dress,21.99
Tiered-skirt smocked dress,15.99
Oversized crinkled dress,37.99
Collared dress,19.99
Smocked-waist jersey dress,17.99
Tie-detail beach dress,32.99
Linen-blend dress,54.99
Shoulder-pad dress,27.99
Textured wrap dress,27.99
Linen loungewear kaftan,37.99
Cap-sleeved bodycon dress,12.99
Broderie anglaise balloon-sleeved dress,39.99
Gathered midi dress,18.99
Linen-blend dress,37.99
Tie-belt shirt dress,19.99
Draped jersey dress,27.99
Crinkled tunic dress,89.99
Jersey bodycon dress,14.99
Gathered one-shoulder dress,37.99
Crinkled jersey dress,27.99
Smocked-waist jersey dress,18.99
Gathered bodycon dress,18.99
Ruffled off-the-shoulder dress,44.99
Oversized T-shirt dress,12.99
Oversized twist-detail dress,64.99
Puff-sleeved midi dress,19.99
Frill-trimmed kaftan dress,54.99
Flared-skirt dress,27.99
Linen-blend blazer dress,44.99
Twist-detail satin dress,74.99
Smocked-waist jersey dress,18.99
Smock-topped dress,18.99
Smock-detail dress,37.99
Corset-style jersey mini dress,19.99
Puff-sleeved midi dress,19.99
Shoulder-pad T-shirt dress,15.99
Linen-blend shirt dress,24.99
Tapered-waist dress,27.99
Cotton dress,24.99
Tie-detail T-shirt dress,18.99
Textured wrap dress,27.99
Cap-sleeved jersey dress,12.99
Tie-detail beach dress,27.99
Linen-blend utility dress,27.99
Linen-blend blazer dress,44.99
Knitted tunic,27.99
Puff-sleeved babydoll dress,19.99
Linen-blend flared-skirt dress,19.99
Broderie anglaise shirt dress,54.99
Ruffled dress,74.99
Jersey bodycon dress,14.99
Linen loungewear kaftan,37.99
Ribbed bodycon dress,15.99
Smock-detail dress,37.99
Linen-blend midi dress,32.99
Knitted tunic,27.99
Flounce-detail mini dress,21.99
Voluminous maxi dress,54.99
Ribbed bodycon dress,12.99
Draped bandeau dress,27.99
Satin slip dress,24.99
Rib-knit dress,34.99
Linen-blend smocked-waist dress,29.99
Microfibre maxi dress,18.99
Broderie anglaise bandeau dress,54.99
Jersey bodycon dress,14.99
Shoulder-pad T-shirt dress,15.99
Jersey wrap dress,24.99
Ribbed dress,21.99
Puff-sleeved babydoll dress,19.99
Drawstring-detail midi dress,15.99
Ribbed bodycon dress,9.99
Tie-belt dress,32.99
Linen-blend bandeau dress,54.99
Draped jersey dress,27.99
Draped one-shoulder dress,37.99
Ribbed bodycon dress,12.99
Chiffon beach kaftan,19.99
Pleated dress,34.99
Crêpe slip dress,17.99
Gathered bodycon dress,18.99
MAMA Ribbed jersey dress,18.99
Flared-skirt jersey dress,9.99
A-line jersey dress,9.99
Flounce-trimmed slip dress,37.99
Appliquéd maxi dress,89.99
Jersey wrap dress,24.99
Linen-blend blazer dress,44.99
Jersey bodycon maxi dress,15.99
Linen-blend strappy dress,44.99
Drawstring-detail cotton dress,27.99
Jersey one-shoulder dress,37.99
Belted shirt dress,54.99
Drawstring-detail dress,37.99
Jersey wrap dress,24.99
Ribbed bodycon dress,9.99
Smocked-waist jersey dress,18.99
Drawstring-detail dress,18.99
Smocked-waist jersey dress,18.99
Bodycon dress,14.99
Balloon-sleeved chiffon dress,39.99
Belted shirt dress,44.99
Tunic dress,21.99
Hooded sweatshirt dress,19.99
Lace-trimmed slip dress,19.99
A-line jersey dress,9.99
Satin dress,44.99
Ribbed dress,21.99
Crinkled wrap dress,17.99
Ribbed jersey dress,19.99
Utility dress,37.99
Rib-knit bodycon dress,27.99
Open-back satin dress,24.99
Pleated chiffon dress,44.99
Embroidered dress,54.99
Frayed-edge rib-knit dress,39.99
Pleated chiffon dress,39.99
Flounce-trimmed slip dress,37.99
Wrap-skirt shirt dress,24.99
Flounce-trimmed wrap dress,18.99
Jersey bodycon dress,14.99
T-shirt dress,17.99
Ribbed dress,17.99
V-neck tunic,18.99
Linen-blend shirt dress,54.99
Broderie anglaise shirt dress,44.99
Satin slip dress,24.99
Twist-detail shirt dress,21.99
Flounce-detail mini dress,21.99
Pleated jersey dress,44.99
Draped dress,27.99
Cut-out bodycon dress,44.99
Balloon-sleeved satin dress,27.99
Off-the-shoulder dress,18.99
V-neck beach dress,12.99
Draped one-shoulder dress,32.99
Satin wrap dress,29.99
Drawstring-detail cotton dress,27.99
Belted dress,54.99
Tunic dress,21.99
Cap-sleeved jersey dress,12.99
Linen-blend dress,37.99
Linen-blend wrap dress,32.99
Ribbed jersey dress,18.99
Crinkled dress,18.99
Linen-blend shirt dress,54.99
Square-neck rib-knit dress,27.99
Embroidered cotton dress,44.99
Microfibre maxi dress,18.99
Tie-belt shirt dress,37.99
Linen-blend frill-trimmed dress,44.99
Crinkled cotton dress,29.99
Ribbed bodycon dress,9.99
Linen-blend embroidered dress,44.99
Ribbed jersey dress,19.99
MAMA Appliquéd one-shoulder dress,39.99
Gathered bodycon dress,18.99
Bandeau dress,12.99
Asymmetric jersey dress,119.99
Ladder-stitch-look knitted dress,29.99
Pointelle-knit dress,44.99
Draped bodycon dress,19.99
Tapered-waist dress,37.99
Ladder-stitch-look knitted dress,29.99
Tie-detail cotton dress,32.99
Tie-belt shirt dress,19.99
Crêpe wrap dress,21.99
Draped bodycon dress,19.99
Rib-knit bodycon dress,29.99
Sequined wrap dress,44.99
Fine-knit cardigan dress,37.99
Flounce-trimmed wrap dress,18.99
V-neck tunic,18.99
Rib-knit dress,32.99
Oversized dress,18.99
Ribbed dress,21.99
Ribbed dress,9.99
Tie-belt beach kaftan,19.99
Crinkled dress,18.99
Linen-blend dress,21.99
Linen-blend dress,21.99
Draped jersey dress,12.99
Linen-blend shirt dress,44.99
Ribbed dress,21.99
Mesh-detail bodycon dress,24.99
Rib-knit midi dress,29.99
Rib-knit button-front dress,39.99
Linen-blend wrap dress,34.99
Broderie anglaise shirt dress,64.99
Patterned shirt dress,17.99
Bouclé-knit bodycon dress,34.99
Sequined mini dress,15.99
Gathered bodycon dress,18.99
Oversized jersey dress,17.99
Slim Satin Midi Dress,97.0
Textured jersey dress,19.99
Cap-sleeved bodycon dress,12.99
Square-neck twill dress,27.99
Fringe-trimmed satin wrap dress,37.99
Cotton halterneck dress,17.99
Cap-sleeved jersey dress,12.99
Blazer wrap dress,29.99
Patterned maxi dress,54.99
Linen-blend shirt dress,54.99
One-shoulder bodycon dress,21.99
Broderie anglaise dress,29.99
Long strappy dress,18.99
Fitted blazer dress,44.99
Fringe-trimmed hole-knit dress,29.99
V-neck tunic,18.99
Fitted satin dress,44.99
Rib-knit bodycon dress,27.99
Draped bodycon dress,19.99
V-neck bodycon dress,24.99
V-neck wrap dress,24.99
Broderie anglaise shirt dress,44.99
Crinkled tunic dress,24.99
Square-neck twill dress,27.99
Denim shirt dress,37.99
Rib-knit dress,32.99
Draped jersey dress,27.99
Embroidered cotton dress,44.99
Oversized tie-detail dress,32.99
Draped shirt dress,21.99
Draped shirt dress,21.99
Off-the-shoulder dress,18.99
Bouclé blazer dress,54.99
Pleated chiffon dress,44.99
V-neck tunic,18.99
Tie-belt shirt dress,37.99
Linen-blend shirt dress,24.99
Ribbed bodycon dress,14.99
Draped dress,27.99
Tie-belt shirt dress,37.99
Cotton dress,24.99
Patterned jersey dress,19.99
Blazer wrap dress,29.99
Long wrap dress,29.99
Double-breasted blazer dress,54.99
Gathered bodycon dress,19.99
Tie-detail double-weave cotton dress,37.99
Sequined dress,44.99
Draped bodycon dress,19.99
Twist-detail dress,14.99
Gathered bodycon dress,89.99
Wrap dress,32.99
Gathered bodycon dress,19.99
Drawstring-detail dress,18.99
Draped jersey dress,27.99
Sleeveless denim dress,37.99
Lace-trimmed slip dress,19.99
Pleated wrap dress,32.99
Cotton T-shirt dress,12.99
Puff-sleeved poplin dress,24.99
Bouclé dress,42.99
Oversized knitted dress,19.99
Linen-blend shirt dress,24.99
Beaded fishnet beach dress,44.99
Linen-blend shirt dress,37.99
Crinkled wrap dress,17.99
Tie-detail cotton dress,32.99
Collared jersey dress,21.99
Collared jersey dress,21.99
Linen-blend shirt dress,44.99
Belted utility dress,37.99
One-shoulder dress,64.99
Draped shirt dress,21.99
Linen-blend dress with broderie anglaise,54.99
Cap-sleeved bodycon dress,12.99
Bandeau dress,32.99
Shoulder-pad midi dress,44.99
Ribbed bodycon dress,18.99
Belted utility dress,37.99
Ribbed bodycon dress,14.99
Bouclé-knit bodycon dress,34.99
Crêpe shirt dress,29.99
Sleeveless dress,37.99
Rib-knit midi dress,29.99
Square-neck jersey dress,18.99
Off-the-shoulder dress,18.99
Pleated one-shoulder dress,37.99
Broderie anglaise dress,29.99
Linen-blend wrap dress,34.99
Flounce-detail mini dress,21.99
Denim shirt dress,74.99
Crêpe wrap dress,21.99
Denim bandeau dress,37.99
Rib-knit bodycon dress,27.99
Gathered bodycon dress,19.99
H&M+ Button-front crêpe dress,19.99
Draped dress,27.99
Flatlock-seam flared-skirt dress,24.99
Rib-knit midi dress,29.99
Long rib-knit dress,44.99
Rib-knit dress,24.99
Draped dress,27.99
Ribbed jersey dress,19.99
Draped dress,27.99
Utility dress,37.99
Sequined dress,37.99
Scarf-collared twill dress,64.99
Tapered-waist dress,37.99
Fitted satin dress,44.99
Frill-collar dress,32.99
Flared-skirt jersey dress,9.99
A-line jersey dress,9.99
Crochet-look dress,34.99
Crêpe dress,27.99
Smock-waisted T-shirt dress,17.99
Long rib-knit dress,37.99
Rib-knit dress,15.99
Ladder-stitch-look knitted dress,29.99
Ladder-stitch-look knitted dress,29.99
Smocked jersey dress,18.99
Balloon-sleeved V-neck dress,49.99
Pleated dress,17.99
Washed-look ribbed maxi dress,24.99
Textured jersey dress,27.99
Long-sleeved midi dress,44.99
Satin slip dress,12.99
Boat-neck jersey dress,15.99
Denim bodycon dress,24.99
Draped dress,27.99
Jersey bodycon maxi dress,15.99
Jersey wrap dress,32.99
Textured jersey dress,19.99
Crochet-look beach dress,49.99
Hooded sweatshirt dress,19.99
Jersey bodycon maxi dress,15.99
Flared-skirt jersey dress,9.99
Hooded sweatshirt dress,19.99
Linen Dress,59.0
Draped dress,27.99
Smock-waisted T-shirt dress,17.99
Collared Midi Shirt Dress,75.0
V-neck bodycon dress,24.99
Balloon-sleeved crêpe dress,24.99
Double-breasted blazer dress,49.99
Double-layered bodycon dress,19.99
Oversized T-shirt dress,12.99
Plissé wrap dress,29.99
Linen-blend wrap dress,34.99
Rib-knit midi dress,29.99
Blazer wrap dress,29.99
Pleat-detail dress,24.99
Rib-knit dress,24.99
Tie-belt blazer dress,44.99
One-shoulder dress,21.99
Modal-blend utility dress,64.99
Satin wrap dress,19.99
Textured jersey dress,21.99
Bouclé dress,27.99
Crinkled dress,18.99
Fitted blazer dress,44.99
Cotton dress,24.99
Balloon-sleeved dress,44.99
Sleeveless bodycon dress,19.99
Long rib-knit dress,44.99
Sleeveless bodycon dress,19.99
Long rib-knit dress,44.99
Strap-detail rib-knit dress,39.99
Blazer dress,44.99
Rib-knit off-the-shoulder dress,24.99
Square-neck jersey dress,19.99
Tie-detail pleated dress,44.99
Draped dress,27.99
Rib-knit dress,29.99
Bow-detail maxi dress,39.99
Tie-detail cotton dress,32.99
Sequined dress,37.99
Flounced chiffon dress,32.99
Textured dress,54.99
Mini bandeau dress,27.99
Collared rib-knit dress,27.99
Asymmetric-hem slip dress,44.99
Draped jersey dress,27.99
T-shirt dress,17.99
Tie-belt shirt dress,37.99
Broderie anglaise dress,29.99
Draped one-shoulder dress,37.99
Voluminous Belted Midi Dress,95.0
Ribbed bodycon dress,18.99
Flared-skirt jersey dress,9.99
Collared rib-knit dress,24.99
Tie-detail pleated dress,44.99
Linen-blend dress,54.99
Rib-knit off-the-shoulder dress,27.99
Jersey wrap dress,32.99
Silk-blend knitted dress,84.99
Jacquard-weave dress,39.99
V-neck tunic,18.99
Rib-knit turtleneck dress,27.99
Wrap dress,32.99
Rib-knit bodycon dress,34.99
Rib-knit bodycon dress,34.99
Beach wrap dress,12.99
Shirt dress,32.99
Satin shirt dress,18.99
Tie-belt blazer dress,44.99
Bead-detail tube dress,29.99
Rib-knit off-the-shoulder dress,24.99
Button-front crêpe dress,19.99
Broderie anglaise dress,69.99
Bandeau dress,12.99
Tie-belt shirt dress,37.99
Halterneck sequined mini dress,79.99
Slim Satin Midi Dress,97.0
Linen-blend shirt dress,54.99
V-neck tunic,18.99
Draped one-shoulder dress,32.99
Collared jersey dress,21.99
Draped bodycon dress,18.99
Ribbed dress,9.99
Sheer Maxi Dress,119.0
Textured-knit bodycon dress,24.99
Textured jersey dress,27.99
Rhinestone-strap one-shoulder dress,37.99
Draped shirt dress,21.99
Utility dress,64.99
Bow-detail maxi dress,39.99
Collared dress,19.99
Square-neck bodycon dress,12.99
Cut-out bodycon dress,15.99
V-neck dress,24.99
H&M+ Checked dress,19.99
Rib-knit dress,32.99
Little black dress,79.99
Flared-skirt jersey dress,9.99
Shoulder-pad midi dress,44.99
Textured dress,54.99
Rib-knit dress,27.99
Oversized shirt dress,49.99
Smock-topped dress,37.99
H&M+ Tie-belt cotton shirt dress,19.99
Balloon-sleeved open-backed dress,19.99
Off-the-shoulder cotton dress,24.99
Jacquard-weave dress,37.99
Rib-knit bodycon dress,34.99
Textured-knit bodycon dress,24.99
Frilled mini dress,74.99
Rib-knit dress,15.99
Draped satin dress,54.99
Bouclé dress,44.99
Sweatshirt dress,14.99
Button-front denim dress,39.99
One-shoulder dress,37.99
Tie-belt shirt dress,32.99
Knitted Dress,97.0
Draped dress,27.99
Knitted turtleneck dress,24.99
Wrap dress,24.99
Linen shirt dress,79.99
Collared dress,19.99
Patterned bandeau dress,54.99
Square-neck jersey dress,18.99
Lace-up dress,29.99
Turtleneck knitted dress,32.99
Collared jersey dress,21.99
Satin wrap dress,29.99
Open-back knitted dress,24.99
Open-back satin dress,32.99
Beach wrap dress,19.99
Patterned viscose dress,32.99
Glittery jersey dress,18.99
Wrap dress,17.99
Frill-trimmed dress,74.99
Knitted mini dress,27.99
Long rib-knit dress,44.99
Textured-knit bodycon dress,24.99
Lace-trimmed mesh dress,24.99
Smocked-waist jersey dress,18.99
Ribbed dress,21.99
Ribbed bodycon dress,18.99
Long-sleeved midi dress,44.99
Pleated jersey dress,24.99
Gathered dress,18.99
Rib-knit bodycon dress,34.99
Crêpe smocked dress,24.99
Gathered bodycon dress,15.99
Leather mini dress,279.99
MAMA Shimmering jersey dress,24.99
Lace-up dress,37.99
Crêpe shirt dress,32.99
Lyocell-blend satin dress,64.99
Cap-Sleeve Satin Midi Dress,115.0
Satin wrap shirt dress,27.99
Ribbed dress,9.99
Lace bandeau dress,44.99
Off-the-shoulder dress,44.99
Asymmetric-hem slip dress,44.99
Fringe-trimmed hole-knit dress,29.99
Double-weave cotton dress,27.99
Lace-trimmed mesh dress,24.99
Overlock-detail mesh bodycon dress,15.99
Satin blazer dress,44.99
Flounce-trimmed dress,79.99
Textured jersey dress,19.99
Belted bandeau dress,44.99
Draped wrap dress,32.99
Cotton shirt dress,27.99
Twill drawstring dress,32.99
Embroidered dress,79.99
Bodycon dress,14.99
Open-back knitted dress,24.99
V-neck bodycon dress,24.99
Gathered dress,49.99
Gathered off-the-shoulder dress,29.99
Lace-detail tunic dress,54.99
Smocked-Waist Gingham Dress,97.0
Tiered Babydoll Midi Dress,95.0
Sleeveless poplin beach dress,24.99
Square-neck rib-knit dress,27.99
Lace-collared bouclé dress,37.99
Linen shirt dress,79.99
Collared knitted dress,37.99
Wrap dress,19.99
Collared ribbed dress,12.99
Mini Poplin Strap Dress,44.0
Long strappy dress,18.99
Frill-trimmed cotton dress,44.99
Cotton shirt dress,54.99
Wrap shirt dress,18.99
Sequined wrap dress,44.99
Bead-decorated twill dress,32.99
Sequined wrap dress,44.99
Textured jersey dress,19.99
Ribbed bodycon dress,14.99
Rib-knit bodycon dress,15.99
Linen Midi Wrap Dress,95.0
Glittery bodycon dress,24.99
MAMA Textured-knit jumper,44.99
Sequined slip dress,29.99
Tie-detail pleated dress,44.99
Collared rib-knit dress,32.99
Satin wrap dress,19.99
Satin slip dress,24.99
Rhinestone-embellished satin dress,29.99
Cotton jersey wrap dress,19.99
Knitted dress,27.99
Lace-knit kaftan dress,59.99
Crinkled tie-detail dress,29.99
Jersey turtleneck dress,44.99
Silk-blend maxi dress,169.99
One-shoulder bodycon dress,21.99
Bow-detail one-shoulder dress,29.99
Tie-strap satin dress,44.99
Sequined slip dress,29.99
Fringe-trimmed T-shirt dress,19.99
Draped dress,27.99
Cotton bodycon dress,9.99
Ribbed Tank Dress,25.0
Drawstring-detail dress,27.99
Tapered-waist dress,27.99
Sequined deep-back dress,37.99
Turtleneck dress,27.99
Draped shirt dress,21.99
Modal-blend utility dress,64.99
Patterned viscose dress,64.99
Slit-sleeved dress,39.99
Linen jersey dress,29.99
Draped shirt dress,21.99
Twist-detail dress,21.99
Satin Midi Dress,97.0
Smocked bandeau dress,49.99
Babydoll Pleated Bodice Dress,95.0
Muslin wrap dress,37.99
Buckle-detail blazer dress,44.99
Glittery mesh dress,12.99
RIBBED LONG-SLEEVED MIDI DRESS,55.0
Lace slip dress,21.99
Fringe-trimmed textured-knit dress,34.99
3-pack strappy dresses,19.993666
Rib-knit bodycon dress,15.99
Sheer dress,32.99
Cotton denim dress,37.99
Gathered bodycon dress,22.99
Adjustable Shirt Midi Dress,97.0
Satin dress,17.99
Smocked Mini Dress,77.0
Bandeau dress,12.99
Cap-Sleeve Satin Midi Dress,115.0
Linen Diagonal Wrap Dress,75.0
Tapered-waist dress,27.99
One-shoulder satin dress,39.99
Glittery mesh dress,12.99
H&M+ Gathered bodycon dress,19.99
Textured strappy dress,34.99
Fitted velour dress,18.99
Chain-detail halterneck dress,37.99
Voluminous dress,59.99
Rib-knit bodycon dress,29.99
Puff-sleeved dress,37.99
Lace-detail dress,37.99
Knitted dress,27.99
Draped jersey dress,64.99
2-piece bodycon dress and bolero set,19.99
Pleated-skirt maxi dress,84.99
Denim bodycon dress,34.99
Voluminous-Sleeve Midi Dress,125.0
Balloon-sleeved open-backed dress,19.99
Dobby-weave Peter Pan-collared dress,29.99
Turtleneck dress,37.99
Chiffon dress,37.99
Ruffle Neck Linen Midi Dress,95.0
Silk slip dress,189.99
One-shoulder dress,32.99
Double-breasted blazer dress,34.99
Sleeveless knitted dress,24.99
Sequined dress,54.99
Twist-detail dress,21.99
Sequined dress,54.99
Rib-knit button-front dress,64.99
Collared rib-knit dress,32.99
Boat-neck jersey dress,15.99
Tie-belt denim shirt dress,34.99
A-line lace dress,84.99
Sleeveless dress,37.99
Bandeau dress,44.99
Midi Print Dress,97.0
Square-neck bodycon dress,12.99
Ribbed bodycon dress,15.99
Viscose-blend dress,21.99
Off-the-shoulder dress,27.99
Rhinestone-embellished dress,54.99
Gathered bandeau dress,24.99
Lyocell-blend kaftan dress,49.99
Rib-knit dress,24.99
Draped jersey dress,49.99
Cotton shirt dress,27.99
Draped dress,34.99
Gathered bodycon dress,15.99
Frill-trimmed mesh dress,29.99
Fringe-trimmed dress,49.99
Puff Sleeve Midi Dress,120.0
Pointelle-knit beach dress,24.99
Balloon-sleeved wrapover dress,29.99
Knitted mini dress,27.99
Sequined dress,37.99
Oversized dress,18.99
Asymmetric jersey dress,34.99
Lace bodycon dress,29.99
Rib-knit bodycon dress,32.99
Crinkled wrap dress,17.99
Sequined slip dress,29.99
Linen Diagonal Wrap Dress,75.0
Linen-blend dress,54.99
Linen-blend dress,54.99
Flutter Sleeve Wrap Midi Dress,95.0
Draped jersey dress,37.99
Dolman-Sleeve Midi Dress,97.0
Gathered jersey dress,18.99
Printed Strappy Mini Dress,65.0
H&M+ Printed sweatshirt dress,24.99
Cable-knit dress,44.99
Cotton denim dress,37.99
Frill-trimmed dress,29.99
Cowl-neck satin dress,44.99
Oversized zip-top dress,34.99
Sequined deep-back dress,37.99
Draped jersey dress,12.99
Satin Midi Dress,95.0
Tie-belt denim shirt dress,34.99
Rib-knit dress,34.99
Gathered jersey dress,24.99
Draped dress,34.99
Slit-sleeved dress,39.99
Printed Buttoned Mini Dress,65.0
Gathered jersey dress,18.99
Draped bodycon dress,34.99
Cut-out jersey dress,12.99
Puff Sleeve Midi Dress,120.0
Oversized knitted dress,19.99
Gathered bodycon dress,18.99
Linen Midi Wrap Dress,95.0
Lace-trimmed slip dress,19.99
Silk-blend maxi dress,119.99
Square-neck bodycon dress,32.99
H&M+ Gathered mesh dress,24.99
Rhinestone-strap one-shoulder dress,44.99
Turtleneck dress,27.99
Rib-knit dress,32.99
Wrap dress,19.99
Midi Wrap Dress,95.0
Bodycon dress,18.99
Frill-trimmed mesh dress,29.99
Knitted turtleneck dress,24.99
Wrap dress,17.99
Pointelle-knit dress,74.99
Pleated tie-front dress,29.99
Balloon-sleeved wrap dress,32.99
Draped bodycon dress,19.99
Rhinestone-embellished dress,44.99
Twist-detail shirt dress,21.99
Jacquard-weave dress,59.99
Tie-belt denim dress,37.99
Ribbed dress,21.99
Crêpe lacing-detail dress,14.99
Pleated Midi Kaftan Dress,97.0
Muslin wrap dress,37.99
Rib-knit turtleneck dress,29.99
Cable-knit dress,32.99
Turtleneck jersey dress,21.99
Rib-knit bodycon dress,27.99
Babydoll Pleated Bodice Dress,95.0
Draped dress,34.99
Flared Babydoll Midi Dress,85.0
Knitted dress,27.99
Linen Diagonal Wrap Dress,75.0
Slit-sleeved dress,39.99
OPEN-BACK MINI PINAFORE DRESS,69.0
Cut-out bodycon dress,37.99
MAMA Textured-knit jumper,44.99
Gathered dress,49.99
Sequined one-shoulder dress,139.99
Tapered-waist shirt dress,32.99
Voluminous wrap dress,49.99
Oversized silk-blend fine-knit dress,119.99
H&M+ Printed sweatshirt dress,19.99
H&M+ Printed sweatshirt dress,19.99
Balloon-sleeved cut-out dress,34.99
Linen Wrap Dress,69.0
Knitted dress,27.99
Ribbed bandeau dress,9.99
Draped dress,49.99
Tie-belt muslin dress,32.99
Bias-Cut Midi Dress,97.0
Rib-knit off-the-shoulder dress,32.99
Ribbed sleeveless dress,19.99
Beach Throw-On,59.0
Textured mini dress,37.99
Jersey off-the-shoulder dress,89.99
Knitted bandeau dress,39.99
Bandeau bodycon dress,54.99
One-Shoulder Satin Midi Dress,95.0
Crinkled tie-detail dress,37.99
Sweatshirt dress,14.99
Puff dress,99.99
OVERSIZED DENIM MINI SHIRT DRESS,110.0
Patterned bodycon dress,39.99
Wrap dress,24.99
Puff Sleeve Midi Dress,120.0
Off-the-shoulder gathered dress,49.99
Off-the-shoulder dress,27.99
Mesh slip dress,24.99
Draped jersey dress,12.99
Textured jersey dress,21.99
Slim Fit Maxi Dress,29.99
Knitted turtleneck dress,39.99
Fitted blazer dress,44.99
Eva Maxi Dress,49.0
Fluffy-knit dress,37.99
Sequined deep-back dress,37.99
Tiered Midi Dress,95.0
Gathered turtleneck dress,21.99
Tiered Midi Dress,95.0
Draped satin dress,54.99
Gathered jersey dress,18.99
Gathered bandeau dress,24.99
Rib-knit bodycon dress,37.99
Frill-trimmed off-the-shoulder dress,19.99
Bouclé-weave blazer dress,54.99
V-neck tunic,18.99
Rib-knit dress,27.99
Draped crêpe dress,37.99
Draped bodycon dress,15.99
Tie-Neck Midi Dress,85.0
Wool-Blend Rib Dress,97.0
Gathered-detail dress,37.99
Twist-detail shirt dress,21.99
OVERSIZED-FIT WOOL T-SHIRT DRESS,89.0
Knot-detail jersey dress,21.99
Silk-blend maxi dress,119.99
Tie-belt dress,32.99
Voluminous Broderie Anglaise Mini Dress,75.0
Rhinestone-strap one-shoulder dress,44.99
Tie-detail satin dress,37.99
Butterfly-sleeved dress,24.99
Overlock-detail lace dress,24.99
Hooded sweatshirt dress,19.99
Lace bodycon dress,29.99
Rhinestone-embellished dress,54.99
Flared-skirt jersey dress,12.99
Rhinestone-strap velour dress,18.99
Off-the-shoulder bodycon dress,29.99
Voluminous Broderie Anglaise Mini Dress,75.0
Flowy Puff Sleeve Midi Dress,85.0
Pleated wrapover dress,24.99
H&M+ Open-backed knitted dress,24.99
Rib-knit bodycon dress,29.99
Coated corset-style dress,44.99
Oversized printed sweatshirt dress,24.99
Draped off-the-shoulder dress,37.99
Scooped-back maxi dress,32.99
Coated corset-style dress,44.99
Ribbed Twist-Front Midi Dress,65.0
Pleated Midi Kaftan Dress,97.0
Lace dress,24.99
Rib-knit sweetheart-neck bodycon dress,24.99
One-shoulder beach dress,19.99
Patterned mesh dress,44.99
Silk-blend blazer dress,119.99
MAMA Shimmering jersey dress,24.99
Rhinestone-trimmed bandeau dress,42.99
Puff Sleeve Wrap Mini Dress,85.0
Jersey dress,34.99
Twist-Front Bustier Dress,120.0
Pleated jersey dress,27.99
Bow-detail lace dress,24.99
Off-the-shoulder bodycon dress,29.99
Ribbed one-shoulder dress,12.99
Silk-blend smock-waisted dress,139.99
Tiered Midi Dress,97.0
Flowy Puff Sleeve Midi Dress,85.0
Bow-collar chiffon dress,44.99
Knee length corduroy dungaree dress,39.99
Draped jersey dress,37.99
Tiered Midi Dress,97.0
Turtleneck bodycon dress,19.99
Frill-trimmed one-shoulder dress,34.99
Ribbed bodycon dress,15.99
Stand-up collar dress,18.99
Jersey bandeau dress,12.99
Voluminous Belted Midi Dress,95.0
Button-front dress,32.99
Frilled Maxi Dress,129.0
Short-Sleeve Midi Dress,85.0
Rhinestone-embellished off-the-shoulder dress,229.99
Twist-detail dress,64.99
Linen Shirt Dress,87.0
Pleated Midi Dress,85.0
Printed Buttoned Mini Dress,65.0
Sequined gathered dress,32.99
Gathered bodycon dress,18.99
Draped jersey dress,37.99
Long lace dress,37.99
Loose T-Shirt Midi Dress,35.0
Button-front bouclé dress,34.99
H&M+ Smocking-detail crêpe dress,19.99
Shimmering bandeau dress,32.99
Belted Linen Shirt Dress,95.0
Knitted turtleneck dress,39.99
Tube Midi Dress,85.0
Glittery fine-knit maxi dress,34.99
Gathered deep-back dress,49.99
Ribbed Twist-Front Midi Dress,65.0
Smocked Strappy Midi Dress,65.0
Mini Wrap Shirt Dress,85.0
Draped Midi Dress,95.0
Off-the-shoulder dress,44.99
Bouclé dress,44.99
Frilled Mini Dress,97.0
Open-backed sequined dress,29.99
Crêpe shirt dress,32.99
Cashmere-blend rib-knit dress,79.99
Rib-knit bodycon dress,29.99
Sequined one-shoulder dress,44.99
OPEN-BACK MINI PINAFORE DRESS,69.0
Double-breasted blazer dress,74.99
Draped bodycon dress,24.99
Loose-knit silk-blend dress,119.99
Sequined gathered dress,32.99
Draped jersey dress,27.99
Rib-knit bodycon dress,29.99
Crêpe smocked dress,24.99
POLKA-DOT SHEER-PANEL MAXI DRESS,135.0
Johanna Tank Dress,27.0
Slim Fit Maxi Dress,29.99
SWIRL-PRINT SATIN MIDI DRESS,89.0
Crinkled tie-detail dress,29.99
Glittery mesh dress,12.99
Satin blazer dress,44.99
Gathered bodycon dress,39.99
Glittery plumeti slip dress,29.99
Draped Midi Dress,95.0
Embroidered Mini Dress,95.0
Lace-trimmed ribbed dress,24.99
PLUNGE OPEN-BACK MAXI DRESS,115.0
Lace-trimmed ribbed dress,24.99
ASYMMETRIC FLARED-HEM MAXI DRESS,115.0
CONTRAST-PANEL MINI DRESS,79.0
Collared ribbed dress,12.99
LIGHTWEIGHT MERINO-WOOL TURTLENECK DRESS,89.0
Ira Long Lace-up Dress,44.0
Embroidered dress,69.99
Babydoll Tied Sleeve Detail Dress,135.0
Rib-knit turtleneck dress,29.99
OVERSIZED GATHERED MAXI DRESS,115.0
Denim Shirt Dress,87.0
Twist-detail twill dress,74.99
Bouclé dress,34.99
CORDUROY MIDI SHIRT DRESS,79.0
Silk shirt dress,99.99
Rib-knit dress,27.99
POWER-SHOULDER MIDI DRESS,89.0
OFF-THE-SHOULDER ASYMMETRIC MIDI DRESS,79.0
Draped jersey dress,21.99
Rib-knit dress,32.99
Collared wrap dress,39.99
Coated bandeau dress,44.99
BOILED-WOOL LONG-SLEEVED MAXI DRESS,115.0
BOILED-WOOL LONG-SLEEVED MAXI DRESS,115.0
POLKA-DOT A-LINE MINI DRESS,135.0
Crochet Halterneck Midi Dress,75.0
Slim Denim Mini Dress,87.0
GATHERED-SLEEVE MINI SHIRT DRESS,85.0
CORDUROY MIDI SHIRT DRESS,79.0
Floral-Appliqué Mini Dress,120.0
Voluminous tulle dress,229.99
Sequined slip dress,44.99
PUFF-SLEEVE MIDI DRESS,89.0
Belted Mini Knit Dress,55.0
Turtleneck dress,37.99
KNITTED WOOL FLARED MINI DRESS,95.0
Short-Sleeve Midi Dress,85.0
Rib-knit dress,32.99
Balloon-sleeved cut-out dress,34.99
Balloon-sleeved dress,34.99
MINI LINEN-BLEND WRAP DRESS,79.0
PANELLED DENIM MINI DRESS,79.0
Scoop-neck jersey dress,44.99
Knot-detail jersey dress,21.99
SLEEVELESS CUTOUT MAXI DRESS,89.0
Off Shoulder Maxi Dress,89.0
DRAPED PLEATED MAXI DRESS,135.0
OVERSIZED-FIT WOOL T-SHIRT DRESS,89.0
Satin Midi Dress,97.0
Rib-knit bodycon dress,32.99
Puff-Sleeve Mini Dress,125.0
THE TAILORED MINI DRESS,150.0
GATHERED STRAPPY MINI DRESS,89.0
EMBELLISHED MINI SHIFT DRESS,150.0
Fitted Metallic Halterneck Dress,95.0
Tiered Strap Dress,89.0
Flared-skirt jersey dress,12.99
Tiered Strap Dress,89.0
Stand-up collar dress,18.99
Rib-knit bodycon dress,29.99
Seersucker Maxi Dress,95.0
SLEEVELESS MIDI SHIRT DRESS,89.0
Off-Shoulder Smock Dress,89.0
Long sequined dress,64.99
Fitted Puff Sleeve Dress,95.0
Sleeveless Linen Dress,69.0
Fitted denim dress,29.99
Boxy Mini Dress,79.0
Tie-Neck Midi Dress,85.0
Off-Shoulder Maxi Dress,77.0
Broderie anglaise-detail dress,22.99
H&M+ Printed sweatshirt dress,24.99
GATHERED BUSTIER MIDI DRESS,89.0
GATHERED BUSTIER MIDI DRESS,89.0
Cable-knit dress,32.99
Textured jersey dress,21.99
Bandeau dress,19.99
Balloon-sleeved tunic dress,19.99
Asymmetric Midi Wrap Dress,120.0
Rhinestone-embellished dress,37.99
Flounce-trimmed viscose dress,74.99
Silk dress,139.99
Turtleneck bodycon dress,37.99
Linen Shirt Dress,87.0
Turtleneck ribbed dress,17.99
Draped jersey dress,27.99
Draped jersey dress,27.99
Mini Cotton Dress,79.0
V-neck lace dress,59.99
Collared rib-knit dress,29.99
Rib-knit V-neck dress,27.99
Frilled Maxi Dress,129.0
Belted Utility Midi Dress,145.0
Silk dress,139.99
Sleeveless Rhinestone Mini Dress,135.0
Flounce-Hem Taffeta Dress,99.0
Knitted turtleneck dress,39.99
Silk-blend halterneck dress,189.99
Rhinestone-embellished bodycon dress,64.99
Silk shirt dress,99.99
One-Shoulder Satin Midi Dress,95.0
Corduroy dungaree dress,24.99
ZIP-UP DENIM SHIRT DRESS,89.0
GATHERED BUSTIER MIDI DRESS,89.0
OPEN-BACK TIERED DRESS,89.0
FLARED ZIP-UP MIDI DRESS,89.0
Sweatshirt dress,15.99
FLARED POLO SHIRT DRESS,85.0
Silk-blend twill dress,79.99
Tie-detail satin dress,37.99
Shimmering open-back dress,37.99
Viscose maxi dress,84.99
Rhinestone-embellished dress,139.99
Puff Sleeve Mini Dress,120.0
Flounced lace dress,44.99
Rib-knit bodycon dress,24.99
Rib-knit sweetheart-neck bodycon dress,24.99
POWER-SHOULDER T-SHIRT DRESS,79.0
Sequined maxi dress,89.99
SWEETHEART-NECKLINE DRESS,89.0
Bouclé dress,39.99
GATHERED-SLEEVE MINI SHIRT DRESS,85.0
H&M+ Puff-sleeved crêpe dress,34.99
ASYMMETRIC GATHERED-WAIST MIDI DRESS,79.0
Stand-up collar dress,18.99
ASYMMETRIC GATHERED SATIN MIDI DRESS,99.0
High-Neck Rib Dress,129.0
Double-breasted blazer dress,79.99
Poplin Shirt Dress,79.0
Lace slip dress,69.99
Silk smock-waisted dress,119.99
Draped crêpe dress,37.99
Rib-knit bodycon dress,17.99
Twist-detail dress,64.99
Silk wrap dress,189.99
Nicole Sheer Mini Dress,37.0
Cable-knit dress,34.99
Square-neck bodycon dress,32.99
Turtleneck bodycon dress,37.99
Twist-detail dress,21.99
Rib-knit dress,32.99
Wide Ruffled Mini Dress,85.0
Tie-Cuff Midi Dress,125.0
Lace maxi dress,189.99
Long-sleeved jersey dress,34.99
Ruffled Wrap Mini Dress,110.0
Lace-trimmed slip dress,44.99
Rib-knit dress,32.99
Puff Sleeve Linen Midi Dress,120.0
Puff-sleeved crêpe dress,34.99
Clair Open Back Mini Dress,39.0
Twist-Detailed Midi Dress,95.0
Slit-sleeved dress,39.99
Oversized satin shirt dress,74.99
H&M+ Crêpe wrap dress,24.99
Flared Sleeve Crochet Midi Dress,95.0
Gathered bodycon dress,22.99
Rhinestone-strap one-shoulder dress,44.99
Rib-knit collared dress,32.99
Rib-knit dress,42.99
Oversized rib-knit dress,44.99
Square-Neck Strappy Dress,75.0
Rib-knit halterneck dress,27.99
Ribbed Twist-Front Midi Dress,65.0
Voluminous V-Cut Mini Dress,95.0
Fitted Midi Buttoned Shirt Dress,95.0
Balloon-sleeved knitted dress,34.99
Dolman Sleeve Mini Dress,95.0
Pleated Midi Kaftan Dress,97.0
Oversized zip-top dress,34.99
Silk-blend twill dress,79.99
Silk dress,139.99
Ribbed bodycon dress,17.99
Balloon-sleeved knitted dress,34.99
Puff Sleeve Linen Midi Dress,120.0
Cable-knit dress,37.99
Johanna Tank Dress,27.0
Ribbed bandeau dress,9.99
Sequined slit-hem dress,54.99
Fitted Puff Sleeve Dress,95.0
Scoop-Neck Chiffon Midi Dress,120.0
Turtleneck Midi Dress,110.0
Asymmetric mesh dress,29.99
H&M+ Puff-sleeved poplin dress,24.99
Bouclé dress,44.99
Ribbed Slim Midi Dress,95.0
Structured Mini Dress,95.0
Ruffled Tube Mini Dress,135.0
Square-Neck Mini Dress,75.0
Belted Shirt Midi Dress,95.0
V-Neck Strappy Midi Dress,75.0
Voluminous tulle dress,279.99
V-Neck Dress,119.0
Bead-decorated dress,89.99
Shimmering rib-knit dress,54.99
Rib-knit bodycon dress,29.99
A-Line Short-Sleeve Dress,65.0
Shawl-detail jersey dress,74.99
Rib-knit bodycon dress,19.99
H&M+ Drawstring-detail bodycon dress,14.99
Mesh-detail slip dress,29.99
Structured Mini Dress,95.0
Gathered dress,39.99
Cowl-Neck Satin Dress,95.0
MAMA Tie-detail dress,24.99
Chiffon dress,24.99
Cable-knit dress,29.99
Rib Wrap Dress,119.0
Draped silk shirt dress,99.99
Rib-knit bodycon dress,27.99
H&M+ Draped dress,19.99
Tweed Belted Mini Dress,135.0
Sleeveless Bubble Mini Dress,135.0
Fitted Back Cut-Out Dress,75.0
Boat Neck Maxi Dress,75.0
High-Neck Rib Dress,129.0
Tie-belt corduroy dress,37.99
Era Boat Neck Mini Dress,39.0
Buttoned V-Cut Midi Dress,85.0
Sheer beaded dress,139.99
Puff-sleeved denim dress,37.99
Draped jersey dress,18.99
Gathered jersey dress,18.99
Merino wool polo-neck dress,64.99
Draped silk shirt dress,99.99
Frilled Mini Dress,97.0
Bias-Cut Midi Dress,110.0
Knitted turtleneck dress,24.99
Knitted dress,37.99
Long sleeved asymmetric frill dress,29.99
Rib-knit bodycon dress,34.99
Rib-knit dress,24.99
Smock-topped dress,37.99
Ruffled A-Line Dress,87.0
Twist-detail jersey dress,54.99
Butterfly-sleeved dress,24.99
Shimmering rib-knit dress,44.99
Shimmering rib-knit dress,44.99
Ribbed jersey dress,19.99
Metal Chain Link Dress,125.0
H&M+ Knitted dress,24.99
Draped jersey dress,21.99
DryMove™ Tennis dress,24.99
Draped jersey dress,18.99
Lace dress,54.99
Sheer chiffon dress,37.99
H&M+ Lace dress,19.99
Draped jersey dress,27.99
Tie-belt shirt dress,29.99
Shiny shoulder-pad dress,27.99
Off-Shoulder Velvet Mini Dress,135.0
Draped jersey dress,39.99
Bow-detail bodycon dress,69.99
Rib-knit dress,24.99
Silk-blend rib-knit dress,74.99
Adjustable Shirt Midi Dress,97.0
Gathered mesh dress,19.99
Double-breasted bandeau dress,54.99
Rib-knit dress,24.99
Lace bandeau dress,59.99
Long lace dress,37.99
Sheer chiffon dress,37.99
Collared knitted dress,34.99
Bouclé-knit dress,37.99
Tweed Belted Mini Dress,135.0
Oversized printed sweatshirt dress,24.99
Open Tie-Back Pointelle Knit Dress,95.0
Nylon Slip Dress,27.0
Rhinestone-embellished dress,54.99
Collared Rib-Knit Midi Dress,110.0
Asymmetric fine-knit dress,39.99
Draped V-Neck Dress,75.0
Belted Utility Midi Dress,145.0
Relaxed Double-Puff Sleeve Dress,95.0
Smocked-Neck Mini Dress,95.0
Draped jersey dress,54.99
Beaded mesh mini dress,399.99
Rib-knit bodycon dress,19.99
Sequined dress,34.99
Textured-weave wrap dress,69.99
Ruched Front Dress,95.0
Bow-Detail Silk Dress,139.0
Draped jersey dress,12.99
Silk Maxi Dress,225.0
Tie-detail sequined dress,37.99
Ribbed bodycon dress,18.99
Floaty Mini Dress,85.0
Merino Knit Midi Dress,110.0
Net Cotton Dress,59.0
Flared Rib Midi Dress,110.0
Corduroy dungaree dress,24.99
Draped Cowl Neck Midi Dress,85.0
Mini Knitted Polo Dress,110.0
Rib-knit silk-blend dress,79.99
Long wool-blend dress,139.99
Short textured-knit dress,29.99
Ruffled Tube Mini Dress,135.0
Relaxed Wool Dress,97.0
Short Satin Dress,85.0
Cable-knit midi dress,44.99
Sequin-Embroidered Mini Dress,135.0
Loose Fit Dress,95.0
Zip-top rib-knit dress,29.99
Rib-knit bodycon dress,19.99
Butterfly Sleeve Dress,85.0
Wrap-Effect Sequin Mini Dress,135.0
Annie Boatneck Maxi Dress,37.0
Smocked-Neck Mini Dress,95.0
Tulle evening gown,249.99
Tulle evening gown,249.99
H&M+ Turtleneck dress,34.99
Short textured-knit dress,29.99
Silk-blend knitted dress,79.99
Lace-trimmed satin dress,37.99
Oversized knitted dress,19.99
Satin Lavallière-Neck Mini Dress,120.0
Strapless Bustier Midi Dress,120.0
Clair Open Back Mini Dress,39.0
Eleana Sheer Rib Knit Mini Dress,55.0
Ribbed bodycon dress,14.99
Coated bandeau dress,29.99
Rib-knit dress,24.99
Silk-blend rib-knit dress,89.99
2-piece bodycon dress and bolero set,19.99
HALTERNECK MAXI DRESS,115.0
Flutter-Sleeve Midi Dress,87.0
Knitted bandeau dress,39.99
Flutter-Sleeve Midi Dress,87.0
Rib-knit off-the-shoulder dress,32.99
Flutter-Sleeve Midi Dress,87.0
VOLUMINOUS V-NECK DRESS,89.0
A-LINE MINI SHIRT DRESS,79.0
PRINTED MIDI SHIRT DRESS,99.0
HALTERNECK MAXI DRESS,115.0
Washed Draped Maxi Dress,49.0
SLIM-FIT CORSET-STYLE A-LINE DRESS,99.0
PLEATED KNITTED TURTLENECK MAXI DRESS,115.0
VOLUMINOUS V-NECK DRESS,89.0
ASYMMETRIC PRINTED MIDI DRESS,115.0
TIERED PAISLEY-JACQUARD SILK MAXI DRESS,225.0
DENIM MAXI SHIRT DRESS,135.0
FLOATY GATHERED MIDI DRESS,89.0
PRINTED MIDI SHIRT DRESS,99.0
FLOATY GATHERED MIDI DRESS,89.0
V-NECK MIDI SLIP DRESS,89.0
OFF-THE-SHOULDER SMOCKED MIDI DRESS,89.0
ASYMMETRIC GATHERED MIDI DRESS,79.0
STRIPED WAISTED MINI SHIRT DRESS,79.0
OPEN-BACK TIERED DRESS,89.0
RIBBED JERSEY MAXI DRESS,45.0
FLORAL-PRINT V-NECK MIDI DRESS,135.0
LINEN-BLEND MINI BUSTIER DRESS,89.0
RIBBED LONG-SLEEVED MIDI DRESS,55.0
TIE-DETAIL SMOCKED MIDI DRESS,79.0
ASYMMETRIC GATHERED SATIN MIDI DRESS,99.0
PLEATED V-NECK LINEN MIDI DRESS,115.0
Tie-Neck Maxi Dress,119.0
PLEATED WOOL-BLEND SHIRT DRESS,115.0
SMOCKED TANK DRESS,115.0
PRINTED MIDI SHIRT DRESS,89.0
DEEP V-NECK DRESS,89.0
PLEATED MINI DRESS,69.0
SQUARE-NECK KNITTED MINI DRESS,79.0
GATHERED LINEN MIDI DRESS,79.0
OPEN-BACK TIERED DRESS,89.0
OFF-THE-SHOULDER SMOCKED MIDI DRESS,89.0
DENIM MIDI SHIRT DRESS,115.0
Silk-blend rib-knit dress,89.99
SLEEVELESS DROPPED-WAIST MAXI DRESS,135.0
OVERSIZED WAISTED DENIM SHIRT DRESS,115.0
GATHERED T-SHIRT DRESS,79.0
Fitted drawstring-detail dress,12.99
POWER-SHOULDER MERINO WOOL MAXI DRESS,115.0
OVERSIZED-FIT WOOL T-SHIRT DRESS,89.0
CONTRAST-PANEL MINI DRESS,79.0
RUFFLED LINEN-BLEND MIDI DRESS,115.0
GATHERED MIDI SHIRT DRESS,89.0
GATHERED A-LINE LINEN MINI DRESS,69.0
FLUID TWILL SHIRT DRESS,95.0
FRINGED TIERED MIDI DRESS,150.0
V-NECK MIDI SLIP DRESS,89.0
V-NECK MIDI SLIP DRESS,89.0
VOLUMINOUS TEXTURED MIDI DRESS,135.0
LINEN-BLEND MINI BUSTIER DRESS,89.0
OVERSIZED PLEATED HIGH-NECK MAXI DRESS,225.0
PLEATED MINI DRESS,69.0
PLEATED BANDEAU MAXI DRESS,115.0
GATHERED MIDI SHIRT DRESS,79.0
PLEATED V-NECK LINEN MIDI DRESS,115.0
DRAPED CAP-SLEEVE MIDI DRESS,135.0
DRAPED SLEEVELESS DRESS,79.0
LEOPARD-PRINT MIDI SHIRT DRESS,115.0
SQUARE-NECK DENIM MINI DRESS,79.0
Jade Sequin Bandeau Dress,59.0
PLEATED WOOL-BLEND SHIRT DRESS,115.0
WAISTED MIDI SHIRT DRESS,89.0
PLEATED MIDI DRESS,89.0
BELTED LEATHER MIDI SHIRT DRESS,390.0
SQUARE-NECK SCUBA MIDI DRESS,110.0
Midi Mock Neck Mesh Dress,65.0
KNITTED BODYCON MINI DRESS,69.0
ASYMMETRIC GATHERED MIDI DRESS,79.0
SATIN-PANELLED WOOL TUXEDO DRESS,135.0
RUFFLED-COLLAR MINI SHIRT DRESS,79.0
SCARF-DETAIL MAXI DRESS,115.0
ASYMMETRIC SATIN MIDI DRESS,115.0
Lace-Trimmed Slip Dress,95.0
OPEN-BACK VELVET MIDI DRESS,89.0
ONE-SHOULDER DENIM MINI DRESS,89.0
ASYMMETRIC-SLEEVE MIDI DRESS,99.0
LIGHTWEIGHT MERINO-WOOL TURTLENECK DRESS,89.0
SMOCKED V-NECK MINI DRESS,69.0
OFF-THE-SHOULDER DRESS,79.0
CHECKED SEERSUCKER MINI DRESS,79.0
KNITTED BODYCON MINI DRESS,69.0
STRUCTURED DENIM SHIRT DRESS,79.0
PLEATED A-LINE MINI DRESS,79.0
Lace-trimmed satin dress,37.99
SWEATSHIRT DRESS,79.0
FLOATY ASYMMETRIC MIDI DRESS,115.0
BELTED MIDI SHIRT DRESS,99.0
PINSTRIPED SHIRT DRESS,85.0
VOLUMINOUS OFF-THE-SHOULDER MINI DRESS,135.0
SLEEVELESS PLEATED MAXI DRESS,89.0
Rib-knit bodycon dress,24.99
ASYMMETRIC TUNIC DRESS,89.0
FRINGED PANELLED WOOL MIDI DRESS,135.0
Strapless Bustier Midi Dress,120.0
SLEEVELESS CUTOUT MAXI DRESS,89.0
V-NECK KNITTED MAXI DRESS,89.0
Sequined bodycon dress,49.99
OFF-THE-SHOULDER DRESS,79.0
Knitted dress,24.99
LONG-SLEEVED PLISSÉ MIDI DRESS,99.0
SMOCKED V-NECK MINI DRESS,69.0
OPEN-BACK VELVET MIDI DRESS,89.0
Rib-knit dress,24.99
Long sleeved asymmetric frill dress,29.99
SLIM-FIT SATIN MINI DRESS,89.0
ASYMMETRIC LACE-TRIMMED SATIN DRESS,135.0
Dyed Mini Net Dress,37.0
GATHERED SILK-BLEND VELVET MIDI DRESS,135.0
Short textured-knit dress,29.99
CORDUROY MIDI SHIRT DRESS,69.0
WAISTED MIDI SHIRT DRESS,89.0
SMOCKED TANK DRESS,115.0
ASYMMETRIC WOOL SHIRT DRESS,115.0
MINI LINEN-BLEND WRAP DRESS,79.0
BOW SLEEVELESS MIDI SHIRT DRESS,89.0
ASYMMETRIC OFF-THE-SHOULDER WRAP DRESS,89.0
ORGANZA-PANELLED MIDI DRESS,89.0
VOLUMINOUS BELTED MIDI SHIRT DRESS,99.0
V-neck sequined dress,34.99
ASYMMETRIC OFF-THE-SHOULDER WRAP DRESS,89.0
ORGANZA-PANELLED MIDI DRESS,89.0
VOLUMINOUS BELTED MIDI SHIRT DRESS,99.0
V-neck sequined dress,34.99
MÉLANGE RIBBED MIDI DRESS,99.0
OPEN-BACK SHIRRED BALLOON MINI DRESS,115.0
Babydoll dress with rounded sleeves,79.99
PLEATED BANDEAU MINI DRESS,115.0
SMOCKED V-NECK MINI DRESS,69.0
CUTOUT FIT-AND-FLARE MIDI DRESS,115.0
SLIM-FIT KNITTED MIDI DRESS,89.0
Satin Lavallière-Neck Mini Dress,120.0
ASYMMETRIC ONE-SHOULDER MIDI DRESS,79.0
WAISTED MINI SHIRT DRESS,79.0
GATHERED STRAPPY MINI DRESS,89.0
KNITTED MIDI DRESS,79.0
OPEN-BACK JERSEY MIDI DRESS,59.0
ASYMMETRIC DRAPED MINI DRESS,79.0
V-NECK DOUBLE-FACED WOOL DRESS,135.0
ASYMMETRIC GATHERED-WAIST MIDI DRESS,79.0
BELTED RUFFLED MIDI SHIRT DRESS,99.0
STRIPED MIDI WRAP DRESS,99.0
Wrap-Effect Sequin Mini Dress,135.0
Emily Hooded Tank Dress,37.0
POWER-SHOULDER SATIN-PANEL MIDI DRESS,110.0
ASYMMETRIC DRAPED MINI DRESS,79.0
PLEATED HALTERNECK MIDI DRESS,99.0
SMOCKED TANK DRESS,115.0
HIGH-NECK GATHERED MIDI DRESS,79.0
Rib-knit bodycon dress,29.99
POWER-SHOULDER MIDI DRESS,89.0
OVERSIZED KNITTED ALPACA-BLEND DRESS,89.0
STRUCTURED SCUBA MINI DRESS,69.0
Open Back Midi Dress,120.0
CHECKED MINI SHIRT DRESS,115.0
BOAT-NECK RIBBED MIDI DRESS,89.0
POLKA-DOT SILK-CHIFFON MIDI DRESS,155.0
HANDKERCHIEF-HEM MERINO WOOL MIDI DRESS,99.0
Clair Open Back Mini Dress,39.0
GATHERED SILK-BLEND VELVET MIDI DRESS,135.0
Satin Lavallière-Neck Mini Dress,120.0
Eleana Sheer Rib Knit Mini Dress,55.0
ZEBRA-PRINT CUTOUT MIDI DRESS,115.0
LONG-SLEEVED ASYMMETRIC MINI DRESS,79.0
LONG-SLEEVED KNEE-LENGTH DRESS,69.0
ASYMMETRIC-SLEEVE DRAPED MIDI DRESS,115.0
SLEEVELESS PLEATED MINI DRESS,115.0
Rib-knit dress,34.99
Cut-Out Knit Midi Dress,110.0
RECYCLED SEQUINNED MINI DRESS,115.0
